Mahalleler;1980_Oncesi;1980-2000_Arasi;2000_Sonrasi;Toplam
ACIBADEM;554;413;353;1320
BOSTANCI;619;264;481;1364
CADDEBOSTAN;488;202;339;1029
CAFERAĞA;1552;237;461;2250
DUMLUPINAR;418;250;123;791
EĞİTİM;747;234;348;1329
ERENKÖY;490;219;354;1063
FENERBAHÇE;504;168;443;1115
FENERYOLU;518;130;227;875
FİKİRTEPE;628;204;203;1035
GÖZTEPE;699;202;453;1354
HASANPAŞA;704;280;298;1282
KOŞUYOLU;610;162;372;1144
KOZYATAĞI;301;394;314;1009
MERDİVENKÖY;747;526;294;1567
ON DOKUZ MAYIS;224;401;329;954
OSMANAĞA;794;354;373;1521
RASİMPAŞA;979;358;272;1609
SAHRAYICEDİT;269;405;179;853
SUADİYE;628;165;425;1218
ZÜHTÜPAŞA;343;43;141;527
TOPLAM;12816;5611;6782;25209
